{
    "loss": 0.6797537207603455,
    "accuracy": 0.9137930870056152
}